{
  "HTTP_CODES": {
    "BAD_REQUEST": 400,
    "DUPLICATE_VALUE": 409,
    "FORBIDDEN": 403,
    "INTERNAL_SERVER_ERROR": 500,
    "METHOD_NOT_ALLOWED": 405,
    "MOVED_PERMANENTLY": 301,
    "NOT_ACCEPTABLE": 406,
    "NOT_FOUND": 404,
    "NO_CONTENT_FOUND": 204,
    "OK": 200,
    "PERMANENT_REDIRECT": 308,
    "UNAUTHORIZED": 401,
    "UPGRADE_REQUIRED": 426,
    "VALIDATION_ERROR": 422,
    "UNPROCESSABLE_ENTITY": 422
  },
  "USER_TYPE": {
    "USER": "employee",
    "ADMIN": "admin",
    "HR": "hr"
  },
  "USER_STATUS": {
    "ACTIVE": "active",
    "BLOCKED": "blocked",
    "DISABLED": "disabled",
    "INACTIVE": "inactive",
    "INVITED": "invited"
  },
  "LEAVE_TYPE": {
    "ANNUAL": "annual",
    "SICK": "sick",
    "PAID": "paid",
    "MATERNITY": "maternity",
    "PATERNITY": "paternity",
    "UNPAID": "unpaid",
    "OTHER": "other"
  },
  "LEAVE_STATUS": {
    "APPROVED": "approved",
    "PENDING": "pending",
    "REJECTED": "rejected"
  }
}
