{
  "STATUS_CHANGED": "Status changed successfully.",
  "USER_DOES_NOT_DELETE": "You haven't access to delete user.",
  "ROLE_DELETED": "Role deleted successfully.",
  "CATEGORY_ALREADY_EXISTS": "Sorry, the specified CATEGORY is already Created. Please try with different",
  "ROLE_ALREADY_EXISTS": "Sorry, the specified ROLE is already Created. Please try with different",
  "ADMIN_ALREADY_EXISTS": "Sorry, the specified phone number and email are already registered in the system. Please try with different",
  "USER_ALREADY_EXISTS": "Sorry, the specified phone number, email or User Id are already registered in the system. Please try with different",
  "EXPIRED_VERIFICATION": "Sorry! Your phone number couldn't be verified.\nBecause the verification took too long. Please try again.",
  "FAILED_VERIFICATION": "Sorry, your number could not be verified.\nPlease try again. If the problem persists, kindly call support.",
  "FAILED_OTP": "You entered wrong code.",
  "GENERAL": "Sorry! Something went wrong with the request. Please try again later.",
  "INVALID_PARAMETERS": "Sorry, the request could not be processed as because of invalid parameters.",
  "ITEM_DELETED": "Item deleted successfully",
  "ITEM_FETCHED": "Item fetched successfully",
  "ITEM_INSERTED": "added successfully",
  "ITEM_NOT_FOUND": "Sorry! The requested resource could not be found!",
  "EMPTY": "List is empty",
  "ITEM_UPDATED": "updated successfully",
  "METHOD_NOT_ALLOWED": "Method doesn't exist or is not allowed.",
  "NOT_ALLOWED": "Sorry, the action you tried to perform is not allowed.\nIf you feel this is not correct, kindly call support.",
  "NOT_FOUND": "Sorry, no entry could be found for the specified criteria.\nIf you feel this is not correct, kindly call support.",
  "PASSWORD_UPDATED": "New password updated",
  "SMS_VERIFICATION_CODE": "Yourcfully",
  "SUCCESS": "Success",
  "USER_DOES_NOT_EXIST": "User does not exist",
  "ADMIN_DOES_NOT_EXIST": "Admin does not exist",
  "USER_LOGIN_SUCCESSFULLY": "Logged in successfully",
  "ADMIN_LOGIN_SUCESSFULLY": "Logged in successfully",
  "USER_NOT_FOUND": "Wrong email or password ",
  "ADMIN_NOT_FOUND": "Wrong email or password",
  "USER_FETCH_SUCCESS": "User fetched successfully.",
  "USER_ADD_SUCCESS" : "Employee added successfully",
  "USER_ADD_FAILED" : "Employee adding failed",
  "ADMIN_FETCH_SUCCESS": "Admin fetched successfully.",
  "USER_DELETED": "Employee deleted successfully",
  "INVALID_EMAIL": "Sorry! The specified Email ID is invalid.",
  "INVALID_PASSWORD": "Sorry! Your Old Password Is Wrong or Invalid.",
  "USER_REGISTRATION_SUCCESS": "User registration successfully",
  "MENU_ALREADY_EXISTS": "Sorry, the specified menu is already Created. Please try with different",
  "FAILED_REGISTRATION": "Sorry, Something Went wrong to create customer.Please try again.",
  "INVALID_ROLE_FOR_ORDER_CREATE": "Sorry, only VARS can place order for their customers.",
  "CONTACT_EXIST": "Sorry, the specified phone number is already registered in the system. Please try with different",
  "ITEM_EXIST": "Sorry, the specified item is already exist in the system. Please try with different",
  "NAVIGATION_EXIST": "Sorry, the specified Navigation is already Assigned to this Role. Please try with different",
  "FAILED_UPDATE": "Sorry, Something Went wrong to Update Role.Please try again.",
  "INVALID_PARAMETER": "Please, enter valid parameters",
  "ACCOUNT_INACTIVE": "Your Account is in active so please call to support.",
  "USER_REGISTRATION_FAILED": "Sorry, Something Went wrong to create new user.Please try again.",
  "USER_UPDATE_FAILED": "Sorry, Something Went wrong to update user.Please try again.",
  "USER_UPDATE_SUCCESS": "Employee edited successfully",
  "USER_DELETE_FAILED": "Sorry, Something Went wrong to delete user.Please try again.",
  "USER_DELETE_SUCCESS": "Employee deleted successfully",
  "USER_INACTIVATE_FAILED": "Sorry, Something Went wrong to inactivate user.Please try again.",
  "USER_INACTIVATE_SUCCESS": "Employee deactivated successfully",
  "USER_REACTIVATE_FAILED": "Sorry, Something Went wrong to reactivate user.Please try again.",
  "USER_REACTIVATE_SUCCESS": "Employee activated successfully",
  "USER_HOLIDAY_FETCH_SUCCESS": "Holiday's fetched successfully",
  "USER_HOLIDAY_NOT_FOUND": "Holiday's Not found",
  "FORGOT_PASSWORD_FAILED": "Sorry, Something Went wrong to forgot password.Please try again.",
  "PASSWORD_LINK_SENT": "Password link sent successfully",
  "RESET_LINK_EXPIRED": "Sorry, Your reset password link has been expired. Please try again.",
  "ALREADY_LOGGED_IN": "Sorry, You are already logged into another browser, please log out first and then try.",
  "LOGOUT_SUCCESS": "Logout successfully",
  "INVALID_LINK": "Password reset link is invalid or expired",
  "USER_UPDATED": "User updated successfully",
  "PASSWORD_ATTEMPT_EXCEEDED": "Sorry, You have exceeded the maximum number of password attempts. kindly call to HR or ADMIN.",
  "EVENT_CREATED": "Event added successfully",
  "EVENT_UPDATED": "Event edited successfully",
  "EVENT_DELETED": "Event deleted successfully",
  "EVENT_FETCHED": "Event fetched successfully",
  "EVENT_NOT_FOUND": "Sorry, no entry could be found for the specified criteria.\nIf you feel this is not correct, kindly call support.",
  "EVENT_CREATE_FAILED": "Sorry, Something Went wrong to create event.Please try again.",
  "EVENT_UPDATE_FAILED": "Sorry, Something Went wrong to update event.Please try again.",
  "EVENT_DELETE_FAILED": "Sorry, Something Went wrong to delete event.Please try again.",
  "HOLIDAY_CREATED": "Holiday added successfully",
  "HOLIDAY_UPDATED": "Holiday edited successfully",
  "HOLIDAY_DELETED": "Holiday deleted successfully",
  "HOLIDAY_FETCHED": "Holiday fetched successfully",
  "HOLIDAY_CREATED_FAILED": "Sorry, Something Went wrong to create holiday.Please try again.",
  "HOLIDAY_NOT_FOUND": "Sorry, no entry could be found for the specified criteria.\nIf you feel this is not correct, kindly call support.",
  "HOLIDAY_UPDATE_FAILED": "Sorry, Something Went wrong to update holiday.Please try again.",
  "HOLIDAY_DELETE_FAILED": "Sorry, Something Went wrong to delete holiday.Please try again.",
  "LEAVE_CREATED": "Leave added successfully",
  "LEAVE_UPDATED": "Leave updated successfully",
  "LEAVE_APPROVED": "Leave approved successfully",
  "LEAVE_REJECTED": "Leave rejected successfully",
  "LEAVE_CANCELLED": "Leave cancelled successfully",
  "LEAVE_FETCHED": "Leave fetched successfully",
  "LEAVE_PAID_FAILED": "Sorry, you have not enough paid leave available.",
  "LEAVE_CREATED_FAILED": "Sorry, Something Went wrong to create leave.Please try again.",
  "LEAVE_NOT_FOUND": "No leave request found",
  "LEAVE_UPDATE_FAILED": "Sorry, Something Went wrong to update leave.Please try again.",
  "LEAVE_UPDATION_REJECTED": "Sorry, You can not update this leave request.",
  "LEAVE_APPROVE_FAILED": "Sorry, Something Went wrong to approve leave.Please try again.",
  "LEAVE_REJECT_FAILED": "Sorry, Something Went wrong to reject leave.Please try again.",
  "LEAVE_CANCEL_FAILED": "Sorry, Something Went wrong to cancel leave.Please try again.",
  "LEAVE_STATUS_CHANGE_FAILED": "Sorry, You can't change status of approved , rejected or cancelled leave request.",
  "PAYSLIP_ADDED": "Payslip added successfully",
  "PAYSLIP_ADD_FAILED": "Sorry, Something Went wrong to add payslip.Please try again.",
  "PAYSLIP_FETCHED": "Payslip fetched successfully",
  "PAYSLIP_NOT_FOUND": "Sorry, no entry could be found for the specified criteria.\nIf you feel this is not correct, kindly call support.",
  "PAYSLIP_DELETE_FAILED": "Sorry, Something Went wrong to delete payslip.Please try again.",
  "PAYSLIP_DELETED": "Payslip deleted successfully",
  "WORK_INFO_ADDED": "Work info added successfully",
  "TIMESHEET_ALREADY_EXIST" : "Timesheet already filled",
  "TIMESHEET_FILLED_SUCCESS" : "Timesheet added successfully",
  "TIMESHEET_SAVE_SUCCESS" : "Timesheet saved successfully",
  "TIMESHEET_SAVE_FAILED": "Timesheet save Failed",
  "TIMESHEET_FILLED_FAILED" : "Timesheet Filled Failed",
  "TIMESHEET_REJECTED" : "Timesheet rejected successfully",
  "TIMESHEET_APPROVED" : "Timesheet approved successfully",
  "TIMESHEET_DOES_NOT_EXIST" : "TImesheet does not exists",
  "TIMESHEET_FETCH_SUCCESS" : "Timesheet fetched successfully",
  "ONBOARDING_ADD_SUCCESS" : "OB Employee added successfully",
  "ONBOARDING_ADD_FAILED" : "added Onboarding Employee failed",
  "ONBOARDING_EMPLOYEE_ALREADY_EXIST" : "OB Employee already exists",
  "ONBOARDING_EMPLOYEE_DOES_NOT_EXIST" : "Onboarding Employee does not exist",
  "ONBOARDING_EMPLOYEE_APPROVED" : "OB Employee approved successfully",
  "ONBOARDING_EMPLOYEE_REJECTED" : "OB Employee rejected successfully",
  "ONBOARDING_EMPLOYEE_APPROVED_FAILED" : "OB Employee approve failed",
  "ONBOARDING_EMPLOYEE_REJECTED_FAILED" : "OB Employee reject failed",
  "ONBOARDING_FETCH_SUCCESS" : "Onboarding fetched successfully",
  "EMPLOYEE_ALREADY_EXIST" : "Employee already exists",
  "CLIENT_ADD_SUCCESS" : "Client added successfully",
  "CLIENT_ADD_FAILED" : "Client added Failed",
  "CLIENT_ALREADY_EXIST" : "Client ID already exists",
  "CLIENT_DOES_NOT_EXIST" : "Clients does not exists",
  "CLIENT_FETCH_SUCCESS" : "Client fetched successfully",
  "CLIENT_DELETE_SUCCESS" : "Client deleted successfully",
  "CLIENT_DELETE_FAILED" : "Client deleted failed",
  "CLIENT_UPDATE_SUCCESS" :"Client edited successfully",
  "CLIENT_UPDATE_FAILED" : "Client update failed",
  "PROJECT_ADD_SUCCESS" : "Project added successfully",
  "PROJECT_ADD_FAILED" : "Project added Failed",
  "PROJECT_ALREADY_EXIST" : "Project already exists",
  "PROJECT_DOES_NOT_EXIST" : "Project does not exists",
  "PROJECT_FETCH_SUCCESS" : "Project fetched successfully",
  "PROJECT_DELETE_SUCCESS" : "Project deleted successfully",
  "PROJECT_DELETE_FAILED" : "Project deleted failed",
  "PROJECT_UPDATE_SUCCESS" :"Project edited successfully",
  "PROJECT_UPDATE_FAILED" : "Project update failed"





 }
